{
    "weights": {
        "1519.TW": 0.0,
        "2345.TW": 0.2279143268110382,
        "2886.TW": 0.7720856731889617
    },
    "clean_weight": {
        "1519.TW": 0.0,
        "2345.TW": 0.22791,
        "2886.TW": 0.77209
    },
    "performance": {
        "expected_annual_return": 0.028087251035280432,
        "annual_volatility": 0.27346256546948877,
        "sharpe_ratio": 0.029573521411956315
    }
}